Metric,Value
MAE,197.64534312236998
MSE,160726.55003868268
