Metric,Value
MAE,184.62398947467128
MSE,122189.87975517317
