Metric,Value
MAE,199.39344537601775
MSE,173456.70173077052
