Metric,Value
MAE,182.4080302488827
MSE,128294.26951849669
