Metric,Value
MAE,159.9451612857357
MSE,144910.69018718842
