Metric,Value
MAE,175.44295695151266
MSE,150024.69831077708
