Metric,Value
MAE,186.70133395165251
MSE,160925.78661109778
