Metric,Value
MAE,182.56171659260738
MSE,212689.4693980431
