Metric,Value
MAE,185.66719980850667
MSE,197144.23286863376
