Metric,Value
MAE,209.90382622774047
MSE,221437.01589268786
