Metric,Value
MAE,174.2006162258096
MSE,116719.55457225468
