Metric,Value
MAE,168.57964337697646
MSE,126462.97437820023
