Metric,Value
MAE,192.8042681383687
MSE,146412.03557211906
