Metric,Value
MAE,177.41217159298026
MSE,131828.3831662353
