Metric,Value
MAE,194.63842797957366
MSE,159147.77242900452
