Metric,Value
MAE,193.1860321270581
MSE,145163.85710343634
