Metric,Value
MAE,194.8083285172139
MSE,158979.78537590685
