Metric,Value
MAE,182.17623595692257
MSE,130936.25434871064
