Metric,Value
MAE,184.06142335404445
MSE,134632.60459358917
