Metric,Value
MAE,190.96643530643422
MSE,149507.77583298777
