Metric,Value
MAE,174.17969228049586
MSE,142858.69359064737
