Metric,Value
MAE,185.4496290464177
MSE,168397.90729420472
