Metric,Value
MAE,199.51048691400027
MSE,182254.43550420125
