Metric,Value
MAE,194.7613054476421
MSE,150357.80201507162
