Metric,Value
MAE,196.26174373091686
MSE,155570.21616585212
