Metric,Value
MAE,180.8635095185064
MSE,134011.3097408322
