Metric,Value
MAE,188.55874051720323
MSE,150297.362228954
