Metric,Value
MAE,181.70709485788583
MSE,161024.4057897828
