Metric,Value
MAE,153.45833984767953
MSE,112904.88390461463
