Metric,Value
MAE,194.50587664974873
MSE,220636.19801361588
