Metric,Value
MAE,162.85804632170837
MSE,146506.96804802734
