Metric,Value
MAE,189.82180162921958
MSE,159214.46563698145
