Metric,Value
MAE,184.67479482456127
MSE,152326.593703941
