Metric,Value
MAE,177.6274409966247
MSE,127809.40126183996
