Metric,Value
MAE,163.11049301003175
MSE,142127.43099987114
