Metric,Value
MAE,159.7287134592315
MSE,94211.542019004
