Metric,Value
MAE,177.65236890059614
MSE,139626.36640670133
