Metric,Value
MAE,206.4658090560706
MSE,212421.47105210955
