Metric,Value
MAE,199.47738127836587
MSE,223129.58644236255
