Metric,Value
MAE,166.95864204013373
MSE,126621.09026758467
