Metric,Value
MAE,198.9296597594169
MSE,188652.31013711353
