Metric,Value
MAE,180.61927456526587
MSE,149182.33555304562
