Metric,Value
MAE,184.53305093621992
MSE,119705.53753838297
