Metric,Value
MAE,187.82203209366853
MSE,137436.46703824704
