Metric,Value
MAE,195.98729612677639
MSE,147590.9893936651
