Metric,Value
MAE,170.93773036118895
MSE,132762.1430442875
