Metric,Value
MAE,186.55016703505459
MSE,124509.71794574172
