Metric,Value
MAE,187.2677943660154
MSE,151106.8920029396
