Metric,Value
MAE,191.8500475165537
MSE,127660.33659328255
