Metric,Value
MAE,173.70934411912054
MSE,155307.96401544055
