Metric,Value
MAE,190.9778775618077
MSE,127148.12337379731
