Metric,Value
MAE,201.21122379306448
MSE,166629.6309972914
