Metric,Value
MAE,199.4461723130566
MSE,146896.0190057391
