Metric,Value
MAE,178.2163663357726
MSE,131544.6691069535
