Metric,Value
MAE,200.50330036048655
MSE,167369.33417158213
