Metric,Value
MAE,194.78533503009731
MSE,162260.22307861166
