Metric,Value
MAE,200.80531419310202
MSE,180556.9513354262
