Metric,Value
MAE,178.75582645700356
MSE,146921.92484739833
