Metric,Value
MAE,167.42880789594176
MSE,109524.08603374097
