Metric,Value
MAE,181.66596961154494
MSE,157355.59456588668
