Metric,Value
MAE,176.6773136211308
MSE,126261.3177609646
