Metric,Value
MAE,152.22485898213043
MSE,88963.41179872159
