Metric,Value
MAE,194.29685899937752
MSE,172680.121292666
