Metric,Value
MAE,192.55577262763657
MSE,132454.63814527582
