Metric,Value
MAE,186.391171843847
MSE,164993.27322490653
