Metric,Value
MAE,167.45266206784422
MSE,122256.28468656639
