Metric,Value
MAE,187.22742782020794
MSE,132328.77847391414
