Metric,Value
MAE,182.21899307327763
MSE,146493.4654131842
