Metric,Value
MAE,164.67346354893928
MSE,114366.6381539253
