Metric,Value
MAE,161.20012086928367
MSE,119796.81343509261
