Metric,Value
MAE,192.6589750893774
MSE,138126.15041141945
