Metric,Value
MAE,183.36459115248996
MSE,146073.33039119694
