Metric,Value
MAE,171.4804487855847
MSE,135506.66788364752
