Metric,Value
MAE,196.29540282232804
MSE,191196.88326372264
