Metric,Value
MAE,216.45727982022035
MSE,182993.4990236454
