Metric,Value
MAE,176.33626241224658
MSE,125999.13733445572
