Metric,Value
MAE,192.63828721509208
MSE,135271.5676985944
