Metric,Value
MAE,169.6548893255436
MSE,118633.79566356602
