Metric,Value
MAE,186.15545683169356
MSE,151099.93690756176
