Metric,Value
MAE,192.754216941493
MSE,144284.77975982125
