Metric,Value
MAE,191.93039938849145
MSE,160651.90540723258
