Metric,Value
MAE,200.87292282197487
MSE,175982.87196057034
