Metric,Value
MAE,185.3090757792624
MSE,160941.0919497827
