Metric,Value
MAE,192.4502942430381
MSE,192385.69792821424
