Metric,Value
MAE,175.51520453722986
MSE,146109.48100781758
