Metric,Value
MAE,188.77531288242318
MSE,168735.83532530128
