Metric,Value
MAE,209.51371975680925
MSE,185394.13608025786
