Metric,Value
MAE,162.9758718053106
MSE,110127.39558605902
