Metric,Value
MAE,202.4356165456967
MSE,193244.22089034857
