Metric,Value
MAE,183.47698398877662
MSE,114324.51774979275
