Metric,Value
MAE,191.2933455407876
MSE,160772.1107626929
