Metric,Value
MAE,167.74746787173862
MSE,120496.59989201179
