Metric,Value
MAE,207.03706820063815
MSE,191132.1387542693
