Metric,Value
MAE,188.21807344610906
MSE,134129.23463410194
