Metric,Value
MAE,182.7600531581753
MSE,128451.6928833749
