Metric,Value
MAE,179.16434246472602
MSE,148786.89620299966
