Metric,Value
MAE,179.79486774830943
MSE,113612.2422795127
