Metric,Value
MAE,222.02404591165717
MSE,224832.06327595175
