Metric,Value
MAE,190.85849098750512
MSE,210171.33937243026
