Metric,Value
MAE,180.14295726570074
MSE,149293.12827394126
