Metric,Value
MAE,163.95801600520855
MSE,129968.89131591478
