Metric,Value
MAE,192.77376962972986
MSE,138807.57000526684
