Metric,Value
MAE,165.91162978412638
MSE,118150.37055502759
