Metric,Value
MAE,187.67342009860232
MSE,164537.62946740224
