Metric,Value
MAE,204.57174334425534
MSE,166000.70827192112
