Metric,Value
MAE,182.54905078595866
MSE,112204.58986776187
