Metric,Value
MAE,195.59851460055336
MSE,166135.12065533837
