Metric,Value
MAE,183.4025904767873
MSE,250289.8714949298
