Metric,Value
MAE,184.86646792588584
MSE,124042.34203566791
