Metric,Value
MAE,189.65962344576923
MSE,169135.83128292207
