Metric,Value
MAE,191.54295597682244
MSE,149959.4564210225
