Metric,Value
MAE,187.08648219233567
MSE,147145.68133481697
