Metric,Value
MAE,168.18933534533107
MSE,134241.97141011257
