Metric,Value
MAE,177.37574834788933
MSE,164334.89718241384
