Metric,Value
MAE,189.5533464332576
MSE,166912.16916468853
