Metric,Value
MAE,163.02442585350138
MSE,118346.25439350368
