Metric,Value
MAE,175.17259913122908
MSE,129130.55265292454
