Metric,Value
MAE,208.15513519114273
MSE,243458.15306316715
