Metric,Value
MAE,181.2264831627542
MSE,157060.2775921079
