Metric,Value
MAE,187.88115809028804
MSE,219620.1419127802
