Metric,Value
MAE,188.77567457913858
MSE,167382.07495507543
