Metric,Value
MAE,188.6090064344014
MSE,167993.5690270608
