Metric,Value
MAE,192.73461445149402
MSE,174266.7125381516
