Metric,Value
MAE,201.02282278862668
MSE,170777.63777239193
