Metric,Value
MAE,182.62874064018837
MSE,241583.24578285473
