Metric,Value
MAE,196.10877618006774
MSE,139751.01040235796
