Metric,Value
MAE,170.08109353282683
MSE,133083.15194449035
