Metric,Value
MAE,191.20328294165046
MSE,165793.97005943515
