Metric,Value
MAE,180.63074676379375
MSE,155231.67622628395
