Metric,Value
MAE,204.3086847294866
MSE,170800.8930107593
