Metric,Value
MAE,203.67263676598506
MSE,190167.2218174809
