Metric,Value
MAE,166.4793264049134
MSE,124229.31284090594
