Metric,Value
MAE,197.51416314757947
MSE,149467.12559598844
