Metric,Value
MAE,186.24702165920985
MSE,131661.91676336958
