Metric,Value
MAE,192.61844126495163
MSE,139024.26370950282
