Metric,Value
MAE,188.0964469705661
MSE,151562.31670698602
