Metric,Value
MAE,192.98947979897105
MSE,129194.26629676776
