Metric,Value
MAE,196.41502831218733
MSE,190231.91397860556
