Metric,Value
MAE,207.71414132152688
MSE,221582.37272596595
