Metric,Value
MAE,200.28723571712962
MSE,148735.0702068782
