Metric,Value
MAE,181.33272848995085
MSE,134394.66910932987
