Metric,Value
MAE,182.91355414910163
MSE,124809.8365036486
