Metric,Value
MAE,185.32221646499846
MSE,162461.5381354477
