Metric,Value
MAE,213.58701413533927
MSE,254282.89787002397
