Metric,Value
MAE,184.41285310896976
MSE,141333.35441726516
