Metric,Value
MAE,178.30214462705607
MSE,135266.77450424724
