Metric,Value
MAE,186.88239246677563
MSE,187645.13500877118
