Metric,Value
MAE,174.74024177749428
MSE,139356.99155087647
