Metric,Value
MAE,186.96101791550498
MSE,164471.51218316847
