Metric,Value
MAE,204.55594608363685
MSE,174825.75591312387
