Metric,Value
MAE,193.5580390278785
MSE,144739.25596019608
