Metric,Value
MAE,192.63287469260342
MSE,141362.47025584505
