Metric,Value
MAE,188.09886108701747
MSE,189263.44325230876
