Metric,Value
MAE,173.32057116135115
MSE,121929.17117015335
