Metric,Value
MAE,189.79701532867222
MSE,211254.00718545122
