Metric,Value
MAE,192.72295144967575
MSE,188588.35999220662
