Metric,Value
MAE,189.0434272493136
MSE,166044.09670599623
