Metric,Value
MAE,189.71238337719828
MSE,170355.99705759014
