Metric,Value
MAE,194.56618285458572
MSE,189491.1073870695
