Metric,Value
MAE,195.98844423934653
MSE,162813.5228862849
