Metric,Value
MAE,207.36486830597661
MSE,159080.58540187668
