Metric,Value
MAE,191.79385909462243
MSE,125939.82111463741
