Metric,Value
MAE,175.3574951117926
MSE,120015.89212060501
