Metric,Value
MAE,190.9294276571263
MSE,189437.71151904706
