Metric,Value
MAE,182.54598034857162
MSE,125200.55114755244
