Metric,Value
MAE,187.90431635226653
MSE,138070.94207923484
