Metric,Value
MAE,190.54010168281107
MSE,129187.72405175853
