Metric,Value
MAE,199.519484817557
MSE,182069.1061260041
