Metric,Value
MAE,202.451472626551
MSE,171639.35316602184
