Metric,Value
MAE,180.53059941732485
MSE,160206.86610933117
