Metric,Value
MAE,188.45270159845296
MSE,169630.61265323858
