Metric,Value
MAE,174.17291283846893
MSE,135234.89909432761
