Metric,Value
MAE,188.120803823234
MSE,136504.4543617412
