Metric,Value
MAE,205.67000077070378
MSE,153900.20589422103
