Metric,Value
MAE,193.31697529015182
MSE,195447.38779132682
