Metric,Value
MAE,179.769052204197
MSE,174779.38903407397
