Metric,Value
MAE,193.48749895943587
MSE,197725.1150856656
