Metric,Value
MAE,205.33332775607457
MSE,181033.49630013257
