Metric,Value
MAE,193.99444778847516
MSE,167487.8185339414
