Metric,Value
MAE,160.7896195511995
MSE,109986.68627800966
