Metric,Value
MAE,191.96448529374052
MSE,146826.27171593846
