Metric,Value
MAE,169.07512798098438
MSE,145887.26215599044
