Metric,Value
MAE,184.66812707718748
MSE,122134.20291540361
