Metric,Value
MAE,155.18052204441585
MSE,92998.94236494855
