Metric,Value
MAE,174.66256557843784
MSE,106324.24511310161
