Metric,Value
MAE,199.52265071241743
MSE,138819.7708298436
