Metric,Value
MAE,195.83957496351778
MSE,197076.1748682724
