Metric,Value
MAE,186.50041754782038
MSE,186532.52282140564
