Metric,Value
MAE,187.47371768785317
MSE,142438.47138228783
