Metric,Value
MAE,189.21895094141408
MSE,124397.13046927989
