Metric,Value
MAE,205.03268504899424
MSE,192864.18743395462
