Metric,Value
MAE,194.39433176860905
MSE,170921.44323372934
