Metric,Value
MAE,186.02952160799282
MSE,132835.81010719703
