Metric,Value
MAE,189.16689999436673
MSE,140655.38331752646
