Metric,Value
MAE,184.4961468538319
MSE,128063.5692905956
