Metric,Value
MAE,197.74425993972852
MSE,155211.38358120853
