Metric,Value
MAE,159.483694894008
MSE,118633.43577288596
