Metric,Value
MAE,179.58287312426
MSE,123619.38748681535
