Metric,Value
MAE,192.90776269700524
MSE,124235.87127031216
