Metric,Value
MAE,191.85878536215984
MSE,122901.23545295629
