Metric,Value
MAE,209.59455561739438
MSE,211729.16717113485
