Metric,Value
MAE,171.13191006212222
MSE,139010.06377853535
