Metric,Value
MAE,187.31738728582866
MSE,128614.63306316652
