Metric,Value
MAE,187.22553660857488
MSE,147304.20595456145
