Metric,Value
MAE,212.51966664428494
MSE,170791.02405768484
