Metric,Value
MAE,171.5192924522247
MSE,117059.14612345878
