Metric,Value
MAE,236.87833811499718
MSE,329440.0858561728
