Metric,Value
MAE,186.20255989257606
MSE,132402.15852019464
