Metric,Value
MAE,190.26054616953002
MSE,146135.3880049185
