Metric,Value
MAE,150.14987375785932
MSE,85822.90900653925
