Metric,Value
MAE,189.50086104801525
MSE,173556.03107499232
