Metric,Value
MAE,214.13645250421888
MSE,185688.47490796188
