Metric,Value
MAE,197.68940101088046
MSE,164879.24800903437
