Metric,Value
MAE,193.94767286516216
MSE,202044.69556427415
