Metric,Value
MAE,183.62806245284713
MSE,119143.30089218318
