Metric,Value
MAE,181.75080672586074
MSE,103182.25946369415
