Metric,Value
MAE,155.19298876052704
MSE,90323.75314043724
