Metric,Value
MAE,179.67796630520445
MSE,139405.38176178042
