Metric,Value
MAE,189.8745136677219
MSE,138219.5355997025
