Metric,Value
MAE,200.27289492085728
MSE,148538.2994259401
