Metric,Value
MAE,202.23428143901845
MSE,144389.91939902422
