Metric,Value
MAE,204.34847483171586
MSE,143024.15226099573
