Metric,Value
MAE,208.16204009101455
MSE,177693.54207070055
