Metric,Value
MAE,198.39621920850257
MSE,196702.39926254124
