Metric,Value
MAE,191.37300840320376
MSE,156120.32219966126
