Metric,Value
MAE,191.90519556703205
MSE,133548.4174716604
