Metric,Value
MAE,193.21680497772968
MSE,137885.84321853353
