Metric,Value
MAE,177.9619643527966
MSE,169567.35768670376
