Metric,Value
MAE,190.33508603732338
MSE,237816.8969390141
