Metric,Value
MAE,180.277016247473
MSE,120703.01528850678
