Metric,Value
MAE,188.05190420656797
MSE,181488.51897661405
