Metric,Value
MAE,206.28287178209877
MSE,149504.3213789772
