Metric,Value
MAE,195.85894330357505
MSE,162589.5903514826
