Metric,Value
MAE,193.83961811618303
MSE,163695.24644118306
