Metric,Value
MAE,201.45018466264767
MSE,151033.3930422967
