Metric,Value
MAE,183.86532883403686
MSE,157986.08408492702
