Metric,Value
MAE,187.5127801453902
MSE,159434.2464515723
