Metric,Value
MAE,190.62064404392063
MSE,125313.78376441465
