Metric,Value
MAE,177.74189360844292
MSE,155075.338835069
