Metric,Value
MAE,182.05191211822523
MSE,158872.62428727493
