Metric,Value
MAE,188.77634801572927
MSE,159826.58928569223
