Metric,Value
MAE,180.50387438054014
MSE,132025.79297261624
