Metric,Value
MAE,172.28399016730523
MSE,140198.47198094398
