Metric,Value
MAE,188.22141705655613
MSE,123974.98358437806
