Metric,Value
MAE,167.96657529036645
MSE,110287.64657437558
