Metric,Value
MAE,203.37878656866786
MSE,194597.21092190596
