Metric,Value
MAE,205.41897412941773
MSE,248241.23667039952
