Metric,Value
MAE,208.94018950710654
MSE,221550.80275611253
