Metric,Value
MAE,194.8939677458521
MSE,154675.1071683695
