Metric,Value
MAE,183.16118158650667
MSE,160038.87306669907
