Metric,Value
MAE,195.2190370356457
MSE,126953.06679310121
