Metric,Value
MAE,185.26657794115164
MSE,133204.66491928775
