Metric,Value
MAE,164.27650643334124
MSE,132165.04523114424
