Metric,Value
MAE,206.0776394403736
MSE,139061.2445987638
