Metric,Value
MAE,182.10680986182567
MSE,177906.37195502897
