Metric,Value
MAE,169.10359015191338
MSE,141141.71203134293
