Metric,Value
MAE,172.64600939293467
MSE,138307.96244780297
