Metric,Value
MAE,184.16574146374623
MSE,156244.98984883705
