Metric,Value
MAE,189.54565617804042
MSE,133487.29336789344
