Metric,Value
MAE,172.69709935998677
MSE,151596.16600969856
