Metric,Value
MAE,191.66782341720642
MSE,126346.08075100732
