Metric,Value
MAE,183.87674987704696
MSE,139596.3937023396
