Metric,Value
MAE,188.46660371531215
MSE,145554.56172156468
