Metric,Value
MAE,187.2406918042817
MSE,135195.9303456775
