Metric,Value
MAE,184.73058920391267
MSE,118197.36960273121
