Metric,Value
MAE,170.4395982910445
MSE,111071.10861742265
