Metric,Value
MAE,186.25568463778563
MSE,154530.65357356844
