Metric,Value
MAE,167.0111118310251
MSE,138462.00633878724
