Metric,Value
MAE,176.21518386210198
MSE,131707.06492777076
