Metric,Value
MAE,200.82492235718829
MSE,145684.8002323391
