Metric,Value
MAE,195.59416563897767
MSE,162461.53025463357
