Metric,Value
MAE,197.33418352107748
MSE,160647.83271057205
