Metric,Value
MAE,188.20925271606723
MSE,186064.04092479756
