Metric,Value
MAE,198.3018033685001
MSE,145855.8063833319
