Metric,Value
MAE,177.34879279877467
MSE,136570.48447251707
