Metric,Value
MAE,210.91883506066324
MSE,283017.07021315396
