Metric,Value
MAE,170.5498788521677
MSE,120511.41895254808
