Metric,Value
MAE,195.41536814045554
MSE,138646.86194400417
