Metric,Value
MAE,166.82839521190232
MSE,123943.49112106855
