Metric,Value
MAE,176.4722284013711
MSE,153512.6747510124
