Metric,Value
MAE,173.98320962586854
MSE,137124.65789954443
