Metric,Value
MAE,200.09701209287635
MSE,196779.1621144541
