Metric,Value
MAE,202.8135797081579
MSE,148234.8330888345
