Metric,Value
MAE,192.19057526965355
MSE,157021.45074163744
