Metric,Value
MAE,184.86154866662014
MSE,127006.36399047522
