Metric,Value
MAE,193.18726799618034
MSE,170887.99583042122
