Metric,Value
MAE,209.62515340988054
MSE,205172.78439295554
