Metric,Value
MAE,201.87026802042445
MSE,163423.30552506162
