Metric,Value
MAE,185.78156988716472
MSE,125949.08192281479
