Metric,Value
MAE,191.09417759999954
MSE,161627.8982578492
