Metric,Value
MAE,186.4112224353043
MSE,128404.78709094305
