Metric,Value
MAE,208.26726453631613
MSE,246610.51850899425
