Metric,Value
MAE,177.8690355466391
MSE,139532.74544237345
