Metric,Value
MAE,196.27589069852553
MSE,148946.6500323904
