Metric,Value
MAE,187.37691574412472
MSE,171679.09666947482
