Metric,Value
MAE,201.29597408272895
MSE,184586.3593300992
