Metric,Value
MAE,186.67730658827884
MSE,147010.94608848955
