Metric,Value
MAE,187.73483255810376
MSE,181011.35191840059
