Metric,Value
MAE,192.95562041024732
MSE,129589.57215102737
