Metric,Value
MAE,182.94771862312376
MSE,149604.88431921462
