Metric,Value
MAE,189.13704224552086
MSE,170314.68676964432
