Metric,Value
MAE,184.8737334381863
MSE,171056.85853598913
