Metric,Value
MAE,190.42819926475136
MSE,143552.28645803922
