Metric,Value
MAE,171.26864976466518
MSE,146241.74982395323
