Metric,Value
MAE,203.7993495937131
MSE,169045.82343654695
