Metric,Value
MAE,191.74010361202815
MSE,146417.91782379046
