Metric,Value
MAE,167.41403331310462
MSE,112459.35520381408
