Metric,Value
MAE,191.03268960166878
MSE,149018.4472348089
