Metric,Value
MAE,176.61390102237587
MSE,150443.18538474795
