Metric,Value
MAE,161.893629236772
MSE,122634.75311506861
