Metric,Value
MAE,196.3810650275456
MSE,157036.7263201478
