Metric,Value
MAE,186.44749199483067
MSE,119819.51097038195
