Metric,Value
MAE,180.74946024055194
MSE,123180.85921301538
