Metric,Value
MAE,183.67290071514236
MSE,156418.4866718214
