Metric,Value
MAE,186.41315501867922
MSE,152548.72917713653
