Metric,Value
MAE,205.60965896821895
MSE,161567.528774779
