Metric,Value
MAE,188.5531612045972
MSE,177998.87889292755
