Metric,Value
MAE,172.285990272151
MSE,141389.0330157701
