Metric,Value
MAE,170.81605944328757
MSE,138914.51967131233
