Metric,Value
MAE,203.85067262383237
MSE,166337.4101923555
