Metric,Value
MAE,177.00406456242843
MSE,135807.55063713787
