Metric,Value
MAE,202.95805275820555
MSE,229139.19151317145
