Metric,Value
MAE,200.76599708804108
MSE,144796.10199018475
