Metric,Value
MAE,202.93229642304777
MSE,153994.900569488
