Metric,Value
MAE,182.4740709319287
MSE,247733.35558956495
