Metric,Value
MAE,171.4418642721412
MSE,126667.03640152595
