Metric,Value
MAE,216.24021652093708
MSE,241489.0166695827
