Metric,Value
MAE,193.2340995751428
MSE,181791.79518781864
