Metric,Value
MAE,186.61681086676836
MSE,142103.079767788
