Metric,Value
MAE,206.24320317150546
MSE,148490.0020821078
