Metric,Value
MAE,186.97339478081753
MSE,152662.82724925404
