Metric,Value
MAE,178.48236820073683
MSE,121046.64557268163
