Metric,Value
MAE,177.9251453936503
MSE,134099.93030176678
