Metric,Value
MAE,191.08027128080855
MSE,132674.24905117953
