Metric,Value
MAE,193.78665341102132
MSE,172271.84380025545
