Metric,Value
MAE,200.35353662623933
MSE,162334.21797506782
