Metric,Value
MAE,186.491103147876
MSE,143826.0013204765
