Metric,Value
MAE,175.3913136502478
MSE,115827.3214487627
