Metric,Value
MAE,209.33828122224068
MSE,194516.8587071532
