Metric,Value
MAE,200.94949294966074
MSE,168694.10110969987
