Metric,Value
MAE,197.453189692507
MSE,157967.20572926043
