Metric,Value
MAE,206.2047827243116
MSE,162099.684043402
