Metric,Value
MAE,153.96675075601087
MSE,93741.46093219041
