Metric,Value
MAE,201.10002406676574
MSE,154137.22133916232
