Metric,Value
MAE,194.92186287546525
MSE,176621.42499716856
