Metric,Value
MAE,199.97856302297524
MSE,188428.9843465401
