Metric,Value
MAE,190.18370718009425
MSE,150295.8654968527
