Metric,Value
MAE,207.5682139400091
MSE,184962.2185059288
