Metric,Value
MAE,198.95171893426402
MSE,202021.57305499533
