Metric,Value
MAE,204.3944011101511
MSE,192558.0782381947
