Metric,Value
MAE,190.11145573049043
MSE,143705.8166245773
