Metric,Value
MAE,178.1480824589968
MSE,131883.9708212973
