Metric,Value
MAE,174.75400779014947
MSE,151125.91803839125
