Metric,Value
MAE,189.818666456439
MSE,137337.84402157727
