Metric,Value
MAE,194.21648754170755
MSE,173876.12281052378
