Metric,Value
MAE,165.31299718751652
MSE,132101.231508087
