Metric,Value
MAE,210.09580429792112
MSE,183366.14530713626
