Metric,Value
MAE,191.5877264836992
MSE,181082.70556895476
