Metric,Value
MAE,182.77741015725456
MSE,132374.32840547673
