Metric,Value
MAE,210.54578507359292
MSE,183112.16181921438
