Metric,Value
MAE,169.8719406309559
MSE,108065.74571453157
