Metric,Value
MAE,186.1740375943894
MSE,156164.52313215166
