Metric,Value
MAE,195.23574797537034
MSE,172609.83635705477
