Metric,Value
MAE,153.86306646736762
MSE,109953.09283374809
