Metric,Value
MAE,196.1528158838953
MSE,134477.40596661624
