Metric,Value
MAE,182.11081302962873
MSE,163471.19605849194
