Metric,Value
MAE,183.53385675039272
MSE,140216.9687621699
