Metric,Value
MAE,172.91417231879095
MSE,123296.70958308052
