Metric,Value
MAE,182.68008508262616
MSE,106108.88146213445
