Metric,Value
MAE,200.88043334045395
MSE,152153.91733457238
