Metric,Value
MAE,165.0712780307934
MSE,127107.23750271606
