Metric,Value
MAE,211.03740275313416
MSE,216532.03996198837
