Metric,Value
MAE,201.99698829953206
MSE,166617.82787468945
