Metric,Value
MAE,183.70174024247223
MSE,124641.81855550878
