Metric,Value
MAE,198.63869663643138
MSE,190462.61700309828
