Metric,Value
MAE,201.02782987976784
MSE,143874.57349929542
