Metric,Value
MAE,196.2628487844221
MSE,187135.4018761777
