Metric,Value
MAE,179.32284631501864
MSE,125615.57870565129
