Metric,Value
MAE,190.10577610116022
MSE,139116.75516080577
