Metric,Value
MAE,188.12972314145696
MSE,134133.98830496802
