Metric,Value
MAE,200.18154610297108
MSE,156338.0075566911
