Metric,Value
MAE,174.7802645709326
MSE,160552.20695229148
