Metric,Value
MAE,207.27320281195665
MSE,198799.9584586431
