Metric,Value
MAE,189.49732781878237
MSE,129231.34000140827
