Metric,Value
MAE,185.36510943492164
MSE,171822.38817146482
