Metric,Value
MAE,203.13273019897554
MSE,172053.99181646504
