Metric,Value
MAE,183.5799342395928
MSE,137766.1123616869
