Metric,Value
MAE,175.8339789819998
MSE,139077.20227274855
