Metric,Value
MAE,191.01397126486106
MSE,200215.46700258326
