Metric,Value
MAE,186.73067591383648
MSE,140824.2369527284
