Metric,Value
MAE,181.91852272158428
MSE,118435.62933741114
