Metric,Value
MAE,187.26080156707664
MSE,150766.3344180022
