Metric,Value
MAE,210.56596454585173
MSE,200120.99272320652
