Metric,Value
MAE,187.68351057327467
MSE,147975.17002713986
