Metric,Value
MAE,191.736109397634
MSE,177069.926509108
