Metric,Value
MAE,193.54526073640136
MSE,185129.75357687197
