Metric,Value
MAE,189.86821452118497
MSE,131460.49102262224
