Metric,Value
MAE,191.79874805869625
MSE,156657.18089571438
