Metric,Value
MAE,199.06595355389814
MSE,172500.45829800435
