Metric,Value
MAE,201.21348649289845
MSE,216757.69350977894
