Metric,Value
MAE,217.25075345215137
MSE,386863.13925830007
