Metric,Value
MAE,191.790600896858
MSE,145462.17845040973
