Metric,Value
MAE,188.91376751237115
MSE,156768.62772879738
