Metric,Value
MAE,194.08151450839708
MSE,159615.7502498364
