Metric,Value
MAE,181.5171360147011
MSE,139156.4953235278
