Metric,Value
MAE,181.94148192974055
MSE,169494.00168021617
