Metric,Value
MAE,191.689859954089
MSE,126745.53195254745
