Metric,Value
MAE,204.93748350126478
MSE,164685.47981220647
