Metric,Value
MAE,181.544398895797
MSE,147370.54629943412
