Metric,Value
MAE,183.07924097910757
MSE,127462.58055989901
