Metric,Value
MAE,205.0939134081725
MSE,190085.74602453812
