Metric,Value
MAE,179.5664099290756
MSE,121631.76703946792
