Metric,Value
MAE,200.6754428535326
MSE,216907.55074888255
