Metric,Value
MAE,213.3247513436427
MSE,249195.16699996166
