Metric,Value
MAE,178.6840890602228
MSE,161793.20749434552
