Metric,Value
MAE,171.82349003312208
MSE,122465.60885832802
