Metric,Value
MAE,195.470531094291
MSE,147340.22764348568
