Metric,Value
MAE,184.36730232509382
MSE,150979.53234283603
