Metric,Value
MAE,202.81202249882463
MSE,166519.08079480883
