Metric,Value
MAE,206.22530604851144
MSE,224102.39026959444
