Metric,Value
MAE,184.16431841709468
MSE,150466.1664419919
