Metric,Value
MAE,203.90666768888846
MSE,158636.5284469253
