Metric,Value
MAE,173.44565300360762
MSE,126880.8613863345
