Metric,Value
MAE,191.42904317181316
MSE,162292.2645765759
