Metric,Value
MAE,198.00344678638686
MSE,161527.23693244127
