Metric,Value
MAE,158.85912490206755
MSE,110193.4944574833
