Metric,Value
MAE,174.7709442820491
MSE,122955.51651719848
