Metric,Value
MAE,170.11714798387743
MSE,129893.87505692094
