Metric,Value
MAE,171.60148110650368
MSE,159298.11752192266
