Metric,Value
MAE,186.87833757531632
MSE,132482.64354961988
