Metric,Value
MAE,210.93222176405183
MSE,192114.35966327428
