Metric,Value
MAE,167.5534691254224
MSE,121226.52229686436
