Metric,Value
MAE,193.0325943388248
MSE,261461.0327304469
