Metric,Value
MAE,187.89841164683867
MSE,140446.92821430313
