Metric,Value
MAE,167.9389606743813
MSE,120667.94456125272
