Metric,Value
MAE,174.12998405045602
MSE,130730.65934441242
