Metric,Value
MAE,194.7013495808462
MSE,155588.7112798512
