Metric,Value
MAE,183.22331987100793
MSE,147900.50186619887
