Metric,Value
MAE,192.85405189261414
MSE,142649.42667365287
