Metric,Value
MAE,192.08110580506138
MSE,200321.91687353904
