Metric,Value
MAE,192.22888287726863
MSE,175605.6094537372
