Metric,Value
MAE,192.31665902810786
MSE,164226.60547563265
