Metric,Value
MAE,196.7986033081845
MSE,181650.19199766513
