Metric,Value
MAE,189.43787284467712
MSE,150311.98497224026
