Metric,Value
MAE,166.15927863173525
MSE,130029.96005972949
