Metric,Value
MAE,189.45145625818827
MSE,118495.94758628808
