Metric,Value
MAE,177.82887814710625
MSE,131610.7681296857
