Metric,Value
MAE,192.2574754485446
MSE,130691.75729245685
