Metric,Value
MAE,189.3766509533514
MSE,155656.07101755854
