Metric,Value
MAE,199.14425833080637
MSE,158582.31611028285
