Metric,Value
MAE,192.4744298132898
MSE,136338.85468817127
