Metric,Value
MAE,197.1553994606402
MSE,152457.89625160236
