Metric,Value
MAE,181.13414298515855
MSE,128291.79877662307
