Metric,Value
MAE,177.57747427990844
MSE,172555.21950452245
