Metric,Value
MAE,205.2229673847153
MSE,160147.3731405015
