Metric,Value
MAE,189.74901361012292
MSE,126339.54910378218
