Metric,Value
MAE,178.2254480063007
MSE,127056.31433245764
